,chrome_stft,spectral_centroid,spectral_bandwidth,spectral_rolloff,rms,zero_crossing_rate,Emotion
0,0.5736106,6355.887483887831,5234.6053224208445,11777.799479166666,0.0020295018,0.03940700954861111,Sad
0,0.5823301,6610.435403340218,5502.210856879693,12477.565298507463,0.0019012076,0.04294980177238806,Sad
0,0.59946394,6739.503743532134,5073.448861282462,11920.925151975684,0.0016949223,0.029216731572948327,Sad
0,0.60079277,7106.008405831221,5436.40131950572,12793.611550632912,0.002220619,0.0407498516613924,Sad
0,0.59246904,6343.88684626711,5318.847928284225,11843.159138655463,0.0027989103,0.04405746673669468,Sad
0,0.56183255,6780.322651920024,5175.501107052273,12355.334051724138,0.004511432,0.042810198904454026,Sad
0,0.5767765,6725.494840442406,5255.617468473174,12357.371794871795,0.0048372704,0.042160512375356125,Sad
0,0.58456296,6896.7169314197545,5296.212553641978,12508.21314102564,0.0058990936,0.04164997329059829,Sad
0,0.521444,6134.619098092945,4971.857653159213,11312.629132231405,0.008106401,0.06889339058195593,Anger
0,0.5278211,6352.360297707174,5151.2497569188245,11747.508445945947,0.009117907,0.0704075168918919,Anger
0,0.57046664,6690.339473717602,5506.537274526083,12698.067059270517,0.0066069933,0.0606938046162614,Anger
0,0.5254563,5977.956259080254,5179.4622571201835,11529.313568376068,0.010389194,0.07504368100071225,Anger
0,0.5021427,5623.710063739151,4968.448863169407,10777.11038961039,0.051100224,0.08750253652597402,Anger
0,0.4134829,5012.160489468839,4705.120684593486,10093.788109756097,0.031457525,0.11394340701219512,Anger
0,0.48772565,5104.580591550834,4620.623557834289,9799.230831185567,0.03165411,0.12269450708762887,Anger
0,0.42685428,5177.487547093419,4713.495349947891,10112.522482014389,0.08850297,0.12785943120503598,Anger
0,0.35122406,3969.1376203170685,3948.724715571952,7756.184895833333,0.002700167,0.05121663411458333,Sad
0,0.37418768,4159.540945934546,3863.005071931499,7908.103813559322,0.0029773524,0.04736603990112994,Sad
0,0.38211507,4642.75395724044,4021.204237687707,8412.994123931623,0.003167647,0.05313640714031339,Sad
0,0.41500384,5109.181290729467,4367.732765191678,9365.135063559323,0.0028899182,0.05222402454096045,Sad
0,0.3935614,4742.705761902839,4294.244262591806,9190.638354700855,0.002532207,0.057155337428774926,Sad
0,0.4163469,4967.766844541249,4330.534250318303,9245.233050847457,0.0023034983,0.055935789636299436,Sad
0,0.41240376,5007.77614432623,4243.687616090563,9246.09375,0.0035185427,0.05034909303160919,Sad
0,0.3953339,4750.722264356866,4004.8780610516774,8713.111413043478,0.0030359845,0.06644304800724637,Sad
0,0.42236486,4555.8763521307455,4131.910810974268,8682.33695652174,0.0064853197,0.06092900815217391,Anger
0,0.5131837,5803.848624836202,5020.315552930443,11044.633152173914,0.00694725,0.06914911684782608,Anger
0,0.47631177,5718.247598119217,4643.72480583066,10443.657309322034,0.008028582,0.07832362288135593,Anger
0,0.42217347,5116.46735469408,4337.825628213942,9515.690651260504,0.007710358,0.0792834712009804,Anger
0,0.40584812,4505.596136582808,4056.132096782437,8632.684426229509,0.022550447,0.07858259690915301,Anger
0,0.42661405,4914.874589970978,4141.449150542417,9005.859375,0.017822703,0.07515505526928191,Anger
0,0.47802356,6159.485937159706,4930.514311845363,11248.129986702128,0.04367468,0.08652058053523937,Anger
0,0.40506616,5311.590211801473,4345.51094140974,9721.762799202128,0.038478065,0.08323507106050532,Anger
0,0.51579475,5154.836068715261,4772.61662923722,9764.977810650887,0.0022698427,0.06021605723002959,Sad
0,0.5807022,4894.521322391716,4742.060181440344,9310.35447761194,0.002349039,0.03878556436567164,Sad
0,0.5417518,4767.027873778705,4880.719564515393,9468.190298507463,0.004061058,0.05579670009328358,Sad
0,0.57532644,4700.382921774561,4963.165634171696,9658.367846385541,0.0038388933,0.06325595350150602,Sad
0,0.469792,5085.372756963827,4915.195986302523,9970.471398305084,0.011160112,0.07697188382768362,Sad
0,0.44761258,5088.672705001538,5059.3492199085385,10350.130208333334,0.016533373,0.08111979166666666,Sad
0,0.51007074,4084.2668589001614,4672.647727304364,8542.537384969326,0.018764893,0.06218845858895705,Sad
0,0.45076036,3347.626004616809,3579.9405503395146,6063.375538793103,0.01651671,0.042501515355603446,Sad
0,0.5587924,5470.014224119234,5320.017984028365,11139.045877659575,0.0022536593,0.09574468085106383,Anger
0,0.49704617,4497.044091910002,4710.7186785207805,9171.54777486911,0.008426247,0.08919313440772252,Anger
0,0.4751809,4787.855518463969,4537.06594980542,9247.767857142857,0.006698304,0.10294938287815127,Anger
0,0.47678414,4466.701534291269,4534.523293003845,8966.927083333334,0.0107639935,0.09723307291666666,Anger
0,0.48452407,4557.534129582746,4403.34613776519,8854.948547215496,0.053007815,0.09269304252421308,Anger
0,0.47637048,4367.317695132101,4401.40019597147,8334.953843825666,0.04904661,0.0871883512409201,Anger
0,0.49388796,4526.928998390414,4465.344728847095,8977.151381909547,0.045981023,0.09324822353957286,Anger
0,0.46589255,4721.259897507567,4510.302075327523,8990.41445035461,0.06310663,0.09872862182328605,Anger
0,0.54127514,6984.396122793735,5676.631717004749,13110.759493670887,0.0023256068,0.06565374060522151,Sad
0,0.410429,4804.599452707042,4379.906705807961,9349.21875,0.0069003813,0.07176055908203124,Sad
0,0.40237057,4878.5627558125725,4122.323780501659,9070.820433436533,0.007593324,0.08486116486068111,Sad
0,0.44149253,5930.616841133731,4568.154807665191,10706.048696319018,0.006977639,0.08525450536809816,Sad
0,0.3907434,4969.699139885434,4180.278523105561,9243.342391304348,0.012156547,0.07958701313405797,Sad
0,0.4759225,6330.127871559129,5466.762345774361,12365.797139830509,0.014789522,0.08277056850282485,Sad
0,0.418413,5707.624784523828,4412.568848400687,10265.293961864407,0.02862252,0.09677072298728813,Sad
0,0.45646033,6042.723927152924,4685.07569018554,10976.363877118643,0.019695265,0.099023161634887,Sad
0,0.4194684,4850.116738170562,4208.027807122795,9083.984375,0.007344024,0.06976528825431035,Anger
0,0.38664326,4781.430799536823,4086.5764052705817,8877.611871301775,0.009499144,0.06292327339127218,Anger
0,0.40185228,5171.745303446318,4184.561000026026,9437.188458588957,0.010964017,0.0911842767446319,Anger
0,0.52338463,6665.537706952469,5092.982194998042,12030.448717948719,0.0076791355,0.08272958956552706,Anger
0,0.37617037,4420.272614519217,4046.8908719274764,8728.681144067798,0.034486156,0.08793200476694915,Anger
0,0.3881452,4760.159330827314,4163.671240165608,9118.47882231405,0.0261381,0.08342480199724518,Anger
0,0.4752141,6544.226658687476,5264.2547602231625,12382.408405172413,0.03825139,0.13943937455100575,Anger
0,0.44171548,6188.320835241771,4789.04137056595,11309.635416666666,0.025705583,0.10625949435763889,Anger
0,0.6953528,6563.298949893989,6092.573435290241,13094.538884364822,0.000703098,0.050598343342833876,Sad
0,0.5913195,6334.737292826932,5872.603684678143,12616.866752199414,0.0007037572,0.06156496288489736,Sad
0,0.6417512,6840.365139518562,6058.94489476243,13392.31636597938,0.0007707262,0.05805680841924399,Sad
0,0.6374415,6179.8811469737575,5859.182069085545,12330.616918103447,0.0008642061,0.06398027792744253,Sad
0,0.61974823,6502.005258013637,5943.811014393741,12940.253200301206,0.0011346022,0.06918298192771084,Sad
0,0.60446554,6519.336492774722,5977.379152825041,13069.956229641693,0.000882326,0.06473464220276873,Sad
0,0.61806357,6657.680066283978,6018.260847911404,13463.965798045603,0.0012600583,0.07878823544381107,Sad
0,0.53729653,6714.04938151717,5912.245682311614,13191.816737288136,0.0011561689,0.05685248940677966,Sad
0,0.52695006,5791.790218016995,5195.901890932414,11145.209194214876,0.010272304,0.06582515495867769,Anger
0,0.5677504,5861.420518820162,5388.834653346294,11506.69642857143,0.009094225,0.06871088279061624,Anger
0,0.5195019,5391.6890583754575,5058.300560353927,10178.317244764397,0.0033710825,0.06734318758180628,Anger
0,0.50742716,5440.853430468275,5066.200962967753,10551.471700968523,0.005515975,0.07399175242130751,Anger
0,0.5227993,6066.974754987421,5373.0492145309345,11767.08984375,0.03685875,0.08556060791015625,Anger
0,0.56060135,5316.344653049951,5365.043655730381,11102.028917910447,0.03413958,0.07645318330223881,Anger
0,0.54115564,6062.699879936579,5463.499909183079,12018.832478005865,0.05289701,0.07942803793988269,Anger
0,0.50016135,5968.927955375586,5347.910433718375,11601.493768328446,0.058674794,0.08246655058651027,Anger
0,0.5212271,6206.886452297887,5558.1453032658255,12046.245335820895,0.0009622162,0.06485395289179105,Sad
0,0.45627552,5509.855062632748,5254.451289335197,10675.157174556212,0.0010400349,0.06698698687130178,Sad
0,0.5029397,6534.038307355126,5370.150088662716,12175.06230828221,0.0019058618,0.06169568395322086,Sad
0,0.47900358,5979.969321907017,5044.559645780725,11123.74226006192,0.0015374867,0.06152494920665635,Sad
0,0.44802555,5737.435072717739,4790.4884145132755,10621.162974683544,0.010329952,0.1093045391613924,Sad
0,0.4678672,5790.516947284138,5016.163397386657,11187.236201298701,0.0011295245,0.08160384537337663,Sad
0,0.45918784,6160.978801871803,4946.810523861578,11274.685329861111,0.007975861,0.11180510344328703,Sad
0,0.4064151,5274.820343203927,4231.575840323128,9456.072724274407,0.004944977,0.1038248268469657,Sad
0,0.47409326,5686.654740669223,4909.030575359194,10575.609110169491,0.0035475695,0.08465058924788135,Anger
0,0.51374453,5484.836588847206,5004.111381304741,10412.156501340483,0.0039775637,0.08022474028150134,Anger
0,0.4502737,5756.950118990224,4696.338500811942,10206.70490506329,0.00610374,0.09638053797468354,Anger
0,0.46677774,5937.137552060696,4665.178228747313,10500.960553278688,0.00749631,0.09921181267076502,Anger
0,0.4233735,5676.994120177039,5040.975323116503,10602.75974025974,0.06471344,0.10597985998376623,Anger
0,0.408736,5156.348152002808,4856.894200930482,9813.370253164558,0.059401646,0.11167301226265823,Anger
0,0.41466206,5887.603225012864,4976.526129135229,10907.430305755395,0.05482062,0.11871908723021583,Anger
0,0.4045659,5091.491550068764,4561.969948542902,9229.464285714286,0.051159423,0.11589006696428572,Anger
0,0.5372229,5964.341102351424,5444.369940211042,11688.535391566265,0.0014463536,0.05584349115210843,Sad
0,0.5515746,5574.820722113505,5678.676065682747,11823.386649408283,0.0015668907,0.06499196791789941,Sad
0,0.52262306,5575.586719844193,5129.137408362142,10815.700301204819,0.0016675082,0.05891289768448795,Sad
0,0.5137961,5458.276160306068,5099.5498077612965,10768.336776859504,0.003872826,0.07667360752410468,Sad
0,0.47824332,4647.8944416841605,4790.763313701892,9436.317567567568,0.0033728462,0.08417836782094594,Sad
0,0.5724742,4924.230272062693,4862.6079318726515,9202.669270833334,0.003984221,0.06378987630208334,Sad
0,0.54228383,4958.740207418264,4963.334260100393,9884.782807917889,0.006367819,0.07565209173387097,Sad
0,0.51384306,5895.604086982245,5078.966697936566,11080.013020833334,0.005151599,0.09390733506944444,Sad
0,0.51913136,4284.969300777844,4666.497536918261,9023.562167553191,0.012493585,0.05412000290890957,Anger
0,0.5208859,4845.2705019940195,5052.577146420708,9821.946213136729,0.027750144,0.057922199648123326,Anger
0,0.47311646,4522.7742868884225,4265.3537830843,8906.187666223404,0.0042896112,0.06319606050531915,Anger
0,0.51878977,5247.09896983952,4554.625677096412,9892.432679521276,0.010355275,0.0614130547706117,Anger
0,0.5756138,3460.5722493895028,4735.825140162682,7191.013313609467,0.021956079,0.04639249722633136,Anger
0,0.60599244,4045.8513404708237,4959.570273912584,8706.407912234043,0.04284152,0.05423817736037234,Anger
0,0.51267725,5270.884097095502,5280.94284868703,11113.216145833334,0.06536941,0.08017578125,Anger
0,0.54952395,4006.054229506004,4824.448572934192,8583.192567567568,0.05548939,0.0644675214987715,Anger
0,0.56607497,5971.529099162031,6220.346616865234,13193.532436708861,0.0015098157,0.05837742286392405,Sad
0,0.5656024,5899.353470589835,6090.362852264604,12667.67820247934,0.0013659027,0.05754993112947658,Sad
0,0.57223636,6276.56043902907,6153.892234028594,13249.603544776119,0.0014005138,0.0705078125,Sad
0,0.5317153,5700.335188719924,6303.151518905516,13335.313424556212,0.0014227079,0.056413819803994084,Sad
0,0.44773504,4561.259168085456,5272.520300373081,10117.518538135593,0.003117952,0.0570654572740113,Sad
0,0.4916853,4742.65574001159,5319.123092586741,10423.163006756757,0.0031432998,0.05442884290540541,Sad
0,0.5333521,5252.50630873465,5546.021762397215,11368.546195652174,0.0031085894,0.05675668025362319,Sad
0,0.46677968,3551.7861581045945,4416.236404214959,7335.600754310345,0.0048255003,0.049267297503591954,Sad
0,0.5310212,5218.1016578575145,5466.2147749578535,11163.725754310344,0.008689075,0.059727460488505746,Anger
0,0.53962123,5222.766251218552,5492.900517501829,11187.661797337278,0.008822471,0.0563892612795858,Anger
0,0.569037,5462.577038188314,5829.256599616741,12148.31984186747,0.007051139,0.05509636201054217,Anger
0,0.5575511,5285.682059823363,5577.451747427674,11242.583955223881,0.008590582,0.05576026119402985,Anger
0,0.50398827,4638.684926725208,4970.671665966195,9676.357238605899,0.021029193,0.057706203920911525,Anger
0,0.45639113,4468.46206361452,5029.1863289144785,9501.324152542373,0.04603038,0.05977721133474576,Anger
0,0.53730214,5633.547348433559,5735.333276665704,12084.596893491123,0.021100547,0.0606725568602071,Anger
0,0.47575593,5127.337457125622,5436.217758705912,11095.216275659825,0.022312786,0.061683811400293255,Anger
0,0.64114785,6940.49640737598,6368.165162702285,14107.084690553746,0.0003411868,0.064779175997557,Sad
0,0.64852923,7388.504600111477,6159.6460277584665,14557.735100619195,0.00032769988,0.051836421246130034,Sad
0,0.59186786,6414.570153832239,5335.364521925721,12368.5546875,0.0005717644,0.06047515869140625,Sad
0,0.6603002,7034.770237250565,6129.370289031691,13693.7255859375,0.00040765823,0.05489349365234375,Sad
0,0.5348571,5139.560772081435,5265.853979989934,10361.465371621622,0.0009808294,0.059714157516891894,Sad
0,0.56121695,5730.648286695519,5595.608816047059,11849.257172131147,0.00092042406,0.08448599726775956,Sad
0,0.5410714,5628.7769920100745,5351.104035669594,11107.313049853372,0.001347786,0.07132772406524927,Sad
0,0.5601103,5346.506442954829,5454.089917593351,11057.592975206611,0.0012914143,0.058323379390495866,Sad
0,0.61351955,6186.89246776193,5532.547927008319,12038.059701492537,0.001282519,0.05260902518656716,Anger
0,0.54421824,4949.375598314198,4843.299053555642,10041.814365671642,0.0019284326,0.049564190764925374,Anger
0,0.54284066,5512.7871789576475,5143.002483129437,11174.813034188035,0.0057035415,0.07301821803774929,Anger
0,0.57641286,5959.0936060854965,5369.677866133765,11817.22985692771,0.0038344522,0.07788527155496988,Anger
0,0.51731265,4365.9473514988695,5128.10957092675,9823.92331932773,0.054975364,0.05757478772759104,Anger
0,0.488151,4497.523037765968,4756.83569874054,8986.030190677966,0.043830693,0.07456909869350282,Anger
0,0.47655338,4421.4537055357505,5005.815022518207,9412.442835365853,0.060041595,0.06278701410060976,Anger
0,0.49607944,4441.148060584004,4962.821208184375,9324.166387399464,0.055890314,0.06871936787868632,Anger
0,0.5026329,5929.121175579928,5720.000968841062,12252.973790322581,0.004838238,0.10746282762096775,Sad
0,0.4295556,5417.4758274491605,5657.173207709378,11989.431556748466,0.004096739,0.09956294334739264,Sad
0,0.48276475,5374.285939273616,5620.380929914947,11638.201242469879,0.005387809,0.09522955101656627,Sad
0,0.51220614,5804.707879833839,5667.05415932438,12091.517857142857,0.0043091686,0.10898929884453781,Sad
0,0.4784508,5142.909245370468,5118.356734552521,10575.797872340425,0.012250681,0.09412845507218845,Sad
0,0.4437084,4733.129580059262,4958.456895073878,9850.186567164179,0.0067585804,0.0915009911380597,Sad
0,0.48775357,5686.207018594556,5538.612898099042,11758.491847826086,0.0049807793,0.10528192934782608,Sad
0,0.52124923,5517.574953652685,5350.291677064342,11347.388059701492,0.0066727013,0.10679658348880597,Sad
0,0.4515524,4243.710725706138,4532.350478113957,8260.886270491803,0.008897412,0.10248303022540983,Anger
0,0.46600476,4546.370454374527,4501.764713817066,8503.57380319149,0.017439622,0.1027312583111702,Anger
0,0.45778337,4925.5471387107555,5016.034921049919,9862.195616883117,0.014209598,0.09399096996753246,Anger
0,0.42962337,4540.461016967592,4612.531615433016,9006.886275773197,0.01509635,0.10418386557667526,Anger
0,0.42380798,4319.990616139603,4829.024071052454,9161.96986607143,0.04792354,0.0812514947385204,Anger
0,0.35415408,4126.381365411092,4769.936595838873,8739.676339285714,0.05550281,0.07377464657738095,Anger
0,0.43533346,5088.943794811617,4701.8813247855205,9755.165289256198,0.053749,0.13721375688705234,Anger
0,0.4306845,5459.626019520074,4834.882185018463,10267.557989690722,0.056439497,0.12944738643685566,Anger
0,0.6172298,6137.841338606578,6135.796045956028,13268.844848242812,0.0017623513,0.06012411391773163,Sad
0,0.64551866,5801.752361694297,5809.2570077995015,11905.625924556212,0.0016250805,0.05916870839497041,Sad
0,0.60958076,6158.249974910574,5776.78991135716,12240.022590361446,0.002027584,0.06831231174698796,Sad
0,0.61675465,6392.017989167906,5984.4945613708,12844.983552631578,0.0023914073,0.06411752612229102,Sad
0,0.611521,6442.526364617742,5784.950968689328,12737.345247603835,0.0056180595,0.06462628544329073,Sad
0,0.55757457,4504.744451660047,5042.156401918811,9554.595044378699,0.008844497,0.04503599990754438,Sad
0,0.55366355,5889.933893572533,5595.110508880782,11873.912183544304,0.008727874,0.07119326048259493,Sad
0,0.5606654,5773.481512277689,5629.232936322289,11918.230830670927,0.008381874,0.08768626447683706,Sad
0,0.60857534,5566.217195426611,5725.504368264632,11873.659393491123,0.008404719,0.053319445728550297,Anger
0,0.61904126,5965.15556511213,5735.855636097188,12201.016104294478,0.005374712,0.0577400067101227,Anger
0,0.59235066,5719.862814857917,5643.15343497821,11925.589532208589,0.011337916,0.05742996309432515,Anger
0,0.57434475,5480.698523459318,5367.2329217200695,11137.01923076923,0.010495702,0.06113392539173789,Anger
0,0.5815503,5907.978701818892,5736.369879254203,12236.634036144578,0.022055577,0.05213725997740964,Anger
0,0.51465726,4951.365864781545,5256.186970047454,10594.504021447721,0.049017377,0.059078104054959786,Anger
0,0.551726,4136.140075682731,4972.854241717463,8938.872466216217,0.046986803,0.06253563133445945,Anger
0,0.47031972,4924.935071291437,5167.881048612885,10611.427436440677,0.05928269,0.07989467469985875,Anger
0,0.5026855,5721.3462353026025,5274.027407774726,11344.429347826086,0.0048734453,0.0838187839673913,Sad
0,0.51182336,4604.51178372312,4984.172699238286,9367.025702662722,0.004741188,0.059766780695266274,Sad
0,0.5052173,6621.711674574123,5523.754884864006,12519.361413043478,0.0031918893,0.07837409420289855,Sad
0,0.5005636,6012.25760748436,5291.170174851845,11758.838619402984,0.004276225,0.0948475396455224,Sad
0,0.4779163,4732.788473686376,5015.057074098753,9966.490185950413,0.013076687,0.06718104338842976,Sad
0,0.42544994,5582.239444780417,4844.671270383001,10483.779131355932,0.017999204,0.0961127846927966,Sad
0,0.50128895,5091.163318181389,4814.429007363028,9792.935924369747,0.0142811285,0.07093755470938376,Sad
0,0.42335054,5566.833868321437,4820.820926000557,10444.214876033058,0.022958012,0.09511395919421488,Sad
0,0.5311656,5875.282651792336,4910.60317527567,10725.315617206983,0.005621822,0.07715209047693267,Anger
0,0.50271946,5148.407040166569,4874.042093963858,10108.223022788205,0.0064437147,0.06853609877680965,Anger
0,0.53630555,6567.915016989907,5343.459882766598,12192.908653846154,0.0043840418,0.08973106971153846,Anger
0,0.5261447,6232.8007248841395,4986.761185045378,11490.657216494845,0.004856021,0.08692664706829897,Anger
0,0.57720757,4751.807557964919,4687.042572927478,9250.939332844575,0.021840658,0.042751099706744865,Anger
0,0.5653797,4132.40658923083,4554.124411648869,8069.089673913043,0.047395904,0.06468948143115942,Anger
0,0.5246043,5847.212441345601,5091.8809719456785,11132.8125,0.021390682,0.0857514880952381,Anger
0,0.4745254,4300.2493681736805,4232.730752147196,8055.533854166667,0.03711136,0.07325575086805555,Anger
0,0.61491895,6161.3701688987285,5674.841195582046,12011.61380597015,0.0019545674,0.05838240438432836,Sad
0,0.5729042,6219.752753901079,5577.501504999096,11990.46969126506,0.0016960445,0.05821136106927711,Sad
0,0.6329806,6715.377638979052,5669.384715986127,12466.065208978329,0.0018197102,0.056114551083591334,Sad
0,0.56717616,6574.50638775292,5656.766341300928,12473.941851265823,0.001914978,0.06613275069224683,Sad
0,0.58374554,5944.218863809501,5501.395834649405,11747.953274760383,0.0031960327,0.06399292382188498,Sad
0,0.58212984,6157.829081839613,5609.340637957747,11924.168346774193,0.0022928286,0.06472246723790323,Sad
0,0.6319493,6467.1527118347585,5690.023164263744,12298.447174922601,0.002530877,0.05978346313854489,Sad
0,0.58156884,6493.899903896616,5917.884920432621,12735.984219269103,0.0019057938,0.05785565043604651,Sad
0,0.60200465,6620.510538647705,5612.70135417194,12668.7306501548,0.0050841426,0.059032144930340556,Anger
0,0.5995188,6565.232770160498,5541.426768366754,12595.044239457831,0.0068654856,0.0641810405685241,Anger
0,0.572178,6460.198758540471,5423.134382631245,12346.63923816568,0.006807512,0.07233641133505918,Anger
0,0.56949747,6685.710495996073,5501.168058370298,12724.856606012658,0.008502838,0.06691925435126582,Anger
0,0.55459476,6266.342244328677,5741.284329949082,12697.010869565218,0.0495184,0.06252122961956522,Anger
0,0.5771857,5520.3526643735295,5595.935170253496,11721.497038653366,0.026381701,0.051152635988154616,Anger
0,0.55435616,6425.9025095116485,5554.48092887577,12526.819029850747,0.03986295,0.07326696595149254,Anger
0,0.41918644,6289.271067080682,5350.347991816976,12076.052295918367,0.08496086,0.08587023676658163,Anger
0,0.5382065,6894.3538930041295,5685.489747861247,13128.205128205129,0.0015491152,0.07808048433048433,Sad
0,0.4654775,5937.117197222891,4901.832302431469,11091.068786982249,0.0021566977,0.057949449889053255,Sad
0,0.5506167,7225.612903166078,5614.413342578913,13602.348372781065,0.0017256859,0.09719397189349112,Sad
0,0.5621883,7126.270847896624,5723.978761849062,13617.752259036144,0.0023360841,0.09657085372740964,Sad
0,0.56351274,7329.026201145788,5498.787736097333,13443.892045454546,0.003114743,0.07865632532713498,Sad
0,0.43195483,5244.882607449003,4389.394490779055,9950.203804347826,0.0019755454,0.0701270946557971,Sad
0,0.49742278,6365.277607864421,5103.150353097401,11775.203804347826,0.0041845185,0.08205531023550725,Sad
0,0.44199577,5730.8308047801565,4523.881450613433,10464.651639344262,0.006177762,0.09043208888319672,Sad
0,0.5222363,6756.241458130838,5212.262803151035,12497.942862426036,0.0050037066,0.08173943694526627,Anger
0,0.44426766,5456.709474426458,4546.6408279987045,10296.268857758621,0.0064220065,0.0710729840158046,Anger
0,0.45352238,5949.824197103734,4598.83592671219,10709.401709401709,0.008130685,0.09081753027065527,Anger
0,0.43728387,6047.007556698878,4592.451045576501,10871.670081967213,0.008574866,0.09617673113046447,Anger
0,0.39833274,4830.216552039164,4154.169943946635,8842.775872817954,0.045054,0.08913507247506235,Anger
0,0.3996959,5042.356343519617,4153.414780095692,9240.377286585366,0.031877026,0.09860542111280488,Anger
0,0.41392273,5687.600553461165,4582.309569994053,10422.03443877551,0.045035556,0.0916611029177296,Anger
0,0.5193994,6592.853232307604,5015.098551572613,11732.426604116223,0.031906337,0.10197984450665859,Anger
0,0.56186384,5578.080812139811,5560.869061706616,11712.908434650455,0.00467063,0.057636481287993924,Sad
0,0.6431504,4972.8481666179405,5690.0593209902645,11515.826612903225,0.0033367404,0.041705519153225803,Sad
0,0.6436845,5641.984832975071,5735.684401842774,12244.354838709678,0.004367545,0.052471333165322584,Sad
0,0.56850463,4705.967957400858,5361.529574750942,10460.690268987342,0.00392596,0.050472211234177215,Sad
0,0.6272747,4272.86642571171,4559.611402176236,8408.947475570032,0.007600582,0.046000229030944625,Sad
0,0.67255646,4834.243990698745,4989.286037899235,9737.0361328125,0.0077500804,0.0478607177734375,Sad
0,0.5666221,5842.838395224896,5357.483326963647,11913.23889307229,0.0056760507,0.07143466443900602,Sad
0,0.6534905,4236.034778295016,4569.965864006314,8360.656927244581,0.0064216745,0.04920605166408669,Sad
0,0.5732652,5206.340261020859,5404.1247321805495,11204.843291788857,0.008481599,0.05955599340175953,Anger
0,0.60090506,5710.920017583996,5433.780904027869,11591.022559171597,0.013189538,0.060152493990384616,Anger
0,0.63508886,4993.527605870329,5069.184108646376,9701.778017241379,0.010277975,0.05862602146192529,Anger
0,0.6181072,6119.041696570292,5607.139801164017,12375.564759036144,0.016373212,0.07226415427334337,Anger
0,0.55868244,7035.012800430778,5458.226315516579,12944.1359186747,0.019275904,0.0502209031438253,Anger
0,0.5491538,5588.333507583392,5241.190944183879,11106.436965811965,0.023342066,0.06770694221866097,Anger
0,0.6196047,5106.3750443732315,5282.014144219329,10514.882093558283,0.015399696,0.06296431652607362,Anger
0,0.52978927,5321.243023639892,5150.898273856241,10688.332100591717,0.027565872,0.0791087855954142,Anger
0,0.47351652,6312.183572876354,4754.232985106528,11124.626865671642,0.0030257518,0.0638555270522388,Sad
0,0.42401144,5011.229693723797,4871.023879047785,9952.552236070382,0.0026718066,0.05947437454178885,Sad
0,0.44736397,5535.261711827766,4649.817578479447,10229.00390625,0.0032964512,0.062786865234375,Sad
0,0.3538098,4254.350339049286,3787.3643512291706,7928.998860182371,0.002982301,0.05980925864361702,Sad
0,0.3919118,4789.30951471103,4400.491375375314,9066.439636752137,0.0039354893,0.07350928151709402,Sad
0,0.35110477,4252.70905553477,3819.9770671030797,7943.671218487395,0.0033498926,0.06969018075980392,Sad
0,0.4709113,6051.1056655940865,5315.714508603112,11681.882747933885,0.005221058,0.0875973872245179,Sad
0,0.47486666,5800.435090598671,4998.6632113783735,10829.126602564103,0.005783128,0.08456586093304844,Sad
0,0.38043883,4229.371864275827,3861.7265971624543,8054.142928954424,0.011734523,0.06166481652144772,Anger
0,0.45995218,5829.746992291637,5055.451639216977,11180.622506648937,0.013979021,0.07562125997340426,Anger
0,0.4174879,5197.620555017599,4276.510796262847,9398.629610655738,0.0116572585,0.07403464395491803,Anger
0,0.45628428,5375.184299036354,4554.289751438656,9929.047131147541,0.017878462,0.08908598019125682,Anger
0,0.3892318,4645.976943774447,4298.411193788253,9022.18079758713,0.02340048,0.0707981631199732,Anger
0,0.40249896,4952.286072631001,4408.327014716052,9460.202991452992,0.033866778,0.0776130698005698,Anger
0,0.4356955,5280.93336323479,4371.837283059391,9599.658613445377,0.03784553,0.08967004770658263,Anger
0,0.4457957,5195.375581716421,4459.473499566464,9442.981020942409,0.02804259,0.08913177969568063,Anger
0,0.51652783,5052.8095520752695,5447.75314169017,10874.796195652174,0.0050074384,0.06315670289855073,Sad
0,0.6084985,4511.908983915922,5397.5308278316625,10386.44566869301,0.0058917496,0.048099413468844984,Sad
0,0.5729112,5043.322632380481,5408.21732268304,10969.72947761194,0.004211549,0.07085471082089552,Sad
0,0.53052557,4737.53536555162,5253.359524824246,10504.229844674555,0.005991274,0.055285572300295856,Sad
0,0.56852144,3628.782110054772,4577.743608279122,7700.339673913043,0.010687126,0.040729732789855075,Sad
0,0.6207618,4575.440965752447,5004.142020916418,9461.543642241379,0.008316698,0.0464666958512931,Sad
0,0.55267817,3655.6863389304413,4250.765398050354,7466.646634615385,0.009408882,0.06321364182692307,Sad
0,0.522026,4517.629360088295,4836.815388599295,9362.196828358208,0.008396473,0.07542997901119403,Sad
0,0.64493537,6062.582348622251,5979.928091831668,12806.652607361963,0.0025233035,0.06838184192868098,Anger
0,0.61200935,5140.922284730513,5482.683414982469,11134.226831896553,0.0042384453,0.062220781698994254,Anger
0,0.6075837,5343.151265005974,5477.521458486912,11519.877958579882,0.008147473,0.06748393583579881,Anger
0,0.6080031,5695.830650282177,5443.623148616691,11624.2234563253,0.0046649342,0.08452560240963855,Anger
0,0.55357707,4781.298245879333,5126.421376402973,10317.13050911854,0.023296678,0.07236060980243161,Anger
0,0.5486092,4971.282580761942,4923.547215417066,9952.056623931623,0.04277512,0.09820574029558404,Anger
0,0.57946897,4956.296331334088,5357.138139967091,10958.577712609971,0.028646598,0.07311904325513197,Anger
0,0.54746735,4985.078608339191,4779.742489914529,9840.598739495797,0.029480893,0.10465905112044818,Anger
0,0.51299936,6349.597789998422,5100.614648819177,11742.467350746268,0.0046704807,0.042365321828358206,Sad
0,0.5217617,6533.9432088566355,5051.696352409327,11597.232404692082,0.00413939,0.045839729197214074,Sad
0,0.55886865,6985.562548069296,5405.652765252511,12510.612763554216,0.0029095376,0.04153920368975904,Sad
0,0.48311982,5899.411971623676,4729.46129334099,10642.205828445747,0.0037491356,0.03879043713343108,Sad
0,0.4348453,5778.54018244788,4585.8565004845705,10294.38025210084,0.015722858,0.0702140231092437,Sad
0,0.45113492,5579.680778538278,4724.999170731401,10462.890625,0.015624094,0.07265760633680556,Sad
0,0.44218045,5649.538637771494,4586.125067714163,10178.09681056701,0.014857801,0.07747815318943299,Sad
0,0.4428555,5705.084920348734,4594.790136238249,10361.002604166666,0.013530602,0.07225341796875,Sad
0,0.5086713,6330.0842774870825,4735.542653374187,11079.918032786885,0.008300033,0.0508025956284153,Anger
0,0.4891921,5816.154570351959,5148.710812348559,11261.001275510203,0.0066210544,0.07110346580038265,Anger
0,0.53724015,6821.14960289258,5064.350704239386,12166.581156716418,0.01143712,0.06333809468283583,Anger
0,0.519386,6403.691649384521,4691.060492433498,11159.617851906158,0.008968548,0.058811400293255135,Anger
0,0.4954583,7091.962522980369,5320.513749799564,12914.331896551725,0.049797386,0.07377957749640805,Anger
0,0.47807905,7278.134509124964,5323.048563827455,13150.158898305084,0.064218685,0.07050560557909605,Anger
0,0.4898468,7090.013733502183,5119.631017328326,12651.953125,0.05702528,0.07820366753472222,Anger
0,0.49374992,6850.228720031915,4961.070363604071,12167.478015075378,0.06123484,0.07747845673680905,Anger
0,0.6224521,6217.856392979567,5893.652819289148,12613.43846749226,0.0015619444,0.05748869243421053,Sad
0,0.63083285,6351.917871959799,5762.158139580303,12529.551630434782,0.0010999923,0.0556838768115942,Sad
0,0.5408444,5924.465318753943,5665.061519097333,12063.076761744966,0.0017156085,0.059485109060402684,Sad
0,0.6012266,5702.067061327658,5475.806448877657,11232.608695652174,0.0017415521,0.039102128623188404,Sad
0,0.57370126,4604.1188744253195,4976.748269325897,8883.560505319148,0.009830131,0.053259017619680854,Sad
0,0.59810656,5237.938488777687,5300.713909706616,10483.70150862069,0.0031917195,0.056731826957614945,Sad
0,0.5507717,4837.591147641943,5147.081495497405,10001.66015625,0.0036397465,0.051861572265625,Sad
0,0.5557476,3492.0692719286853,4758.991012720327,7643.7633547008545,0.0057104933,0.03659605368589743,Sad
0,0.49218974,4953.512702995998,4852.13755516654,9884.136652542373,0.009393429,0.05378680040607345,Anger
0,0.5368394,4888.487058674576,5196.249614768631,10235.250538793103,0.0073317634,0.055793148347701146,Anger
0,0.5442226,5935.989536766725,5550.354951922283,11884.097782258064,0.0045832884,0.05743605090725806,Anger
0,0.5952467,4556.1806719149445,5005.77479875094,9110.890858208955,0.009153912,0.05730089785447761,Anger
0,0.5172344,6166.67358661965,5455.631113534752,12079.486427613941,0.035812918,0.07658815767426273,Anger
0,0.47149473,4983.934508851251,4992.352578872743,9948.673087583149,0.0648696,0.06678734756097561,Anger
0,0.45521238,5263.923592737165,4820.050278535156,9983.51121007371,0.080242746,0.130600238022113,Anger
0,0.54047537,6106.444312057582,5226.925676256514,11516.63961038961,0.036295805,0.07722453327922078,Anger
0,0.4828696,5775.877081114738,4951.7338810046895,11139.191937869822,0.00077710144,0.06423354289940829,Sad
0,0.39306533,4424.275216659523,4083.93656555913,8705.072188449849,0.0003811235,0.04634071048632219,Sad
0,0.41342,4877.643927650141,4087.135373012704,9149.539877300613,0.00059444195,0.0615204419095092,Sad
0,0.4367659,5177.804092614144,4570.568208692845,9984.226661392406,0.0005743726,0.05345289013053797,Sad
0,0.43524078,5265.456923948678,4610.21543402748,9980.203919491525,0.0024644115,0.05290817002118644,Sad
0,0.434613,5659.0928203772855,4830.143520338081,10646.160489949749,0.013489465,0.07319924819409548,Sad
0,0.40416437,5300.573514212116,4293.295915800577,9654.280462184874,0.0019423589,0.054497384891456585,Sad
0,0.37253955,4897.459949454485,4080.012077741239,9023.311829758713,0.012325671,0.07814332691018767,Sad
0,0.38359854,4446.824044877084,3835.3212587009098,8476.43400493421,0.0016887874,0.03880069130345395,Anger
0,0.35569805,4620.798424220025,3912.431394665149,8831.463675213676,0.006663984,0.054994936342592594,Anger
0,0.46191826,5832.744643509061,4557.237344679046,10702.921195652174,0.0039139995,0.08155146059782609,Anger
0,0.4903487,5785.867252885726,4752.0043852956005,10577.00892857143,0.00882845,0.09038810836834733,Anger
0,0.51715225,5648.207641197276,4837.705508486538,10527.122261597939,0.018683217,0.11148165673324742,Anger
0,0.47460565,6165.923593439223,4901.589680072542,11206.008671465968,0.05377589,0.11800684105039266,Anger
0,0.3882971,5177.989560396904,4198.329619158858,9422.61274213075,0.05915669,0.09413778753026635,Anger
0,0.5130413,6720.645887666113,5464.038147989631,12948.159826807228,0.015494201,0.09808717291039157,Anger
0,0.5985515,6275.770810921637,5273.334572469894,11789.120513613861,0.0028763697,0.056360225866336634,Sad
0,0.6112681,6139.1186453308455,5263.538476227076,11469.509548611111,0.0025820183,0.05994217484085648,Sad
0,0.5993552,6328.586847516923,5326.203697347874,11885.696171465968,0.003530823,0.08030692694698953,Sad
0,0.5881398,6396.218925700009,5369.639537042397,12089.95253164557,0.0035126766,0.06825801028481013,Sad
0,0.523884,5386.264825165533,4828.507515474809,10416.772959183674,0.012860063,0.056898467394770405,Sad
0,0.490773,5382.528632201467,4888.123628827258,10489.947007481296,0.011891302,0.05966772521820449,Sad
0,0.52245873,5459.7133331738005,4856.366759584586,10545.99828553616,0.009147757,0.06740838333852868,Sad
0,0.5361212,5451.151505415847,4921.196766666249,10584.930734536083,0.009111797,0.06571032337306701,Sad
0,0.51111716,5281.680838302994,4842.398800126282,10226.481958762886,0.026455589,0.0742577621617268,Anger
0,0.51892304,5464.930464329346,4995.569796785936,10809.113198138299,0.024788301,0.06868403008643617,Anger
0,0.512894,4979.5373213951,4770.38974133514,9877.372382198953,0.032989457,0.08041941058573299,Anger
0,0.519956,5329.336355083845,4883.161065000895,10417.525337837838,0.030796247,0.07507258234797297,Anger
0,0.4455767,4652.654249513624,4519.570201628176,8981.935975609756,0.057997398,0.07982922065548781,Anger
0,0.4627685,4934.481261380326,4542.823811997669,9319.08482142857,0.0538312,0.0791841052827381,Anger
0,0.4791805,5284.679277507241,4845.040072369484,10330.580357142857,0.043843724,0.07721946022727273,Anger
0,0.4929861,5390.092685093446,4659.245055031445,10117.992305276382,0.051609453,0.09320528423366835,Anger
0,0.5160708,6165.361820250408,5594.106357421139,12336.862056213018,0.0027506454,0.06882743158284024,Sad
0,0.49364907,6130.218208253091,5445.224200709532,11788.793103448275,0.0032851456,0.06059458063936782,Sad
0,0.49132392,5958.311296051587,5355.935243066288,11690.217391304348,0.0034050858,0.07518823596014493,Sad
0,0.46760952,5739.333835387897,5381.719907522489,11461.476293103447,0.0040463484,0.07364768543462644,Sad
0,0.50344276,6119.175807341817,5308.080462975309,11576.388888888889,0.0034552156,0.06481759704415954,Sad
0,0.4903939,5912.023586353212,5166.444040309708,11003.047104105572,0.0043560234,0.07387652355205279,Sad
0,0.47333664,6068.904074900407,5394.064153059485,11672.342414529914,0.004292847,0.0754276286502849,Sad
0,0.5062432,6097.278622078562,5343.270472949782,11668.619791666666,0.0047284015,0.07047254774305556,Sad
0,0.50066113,6314.915198700293,5412.217558233794,11983.70150862069,0.004808124,0.07550259294181035,Anger
0,0.5289271,6341.58338814098,5536.737659592207,12163.928952991453,0.0050777392,0.06753166176994302,Anger
0,0.49695116,5915.657185436035,5175.683767087673,11201.704545454546,0.006847462,0.07948223355716254,Anger
0,0.5050989,5803.966701749469,5038.395044011809,10740.435356200527,0.008085578,0.07775782280672823,Anger
0,0.50876856,6043.725127720659,5165.986785348655,11607.244318181818,0.017919743,0.0775519757231405,Anger
0,0.48861688,5695.89340572208,5181.165093761158,11072.04149590164,0.017331833,0.07674687286543716,Anger
0,0.4736552,5811.0060246055455,4989.967733148376,10895.434202261307,0.030697387,0.09023388426507538,Anger
0,0.4898441,5773.909208794713,5009.576404591917,11002.986550632912,0.029816912,0.08774475870253165,Anger
0,0.48618695,4936.075751427743,4221.62306605022,8974.967640532544,0.0026288778,0.03192752634985207,Sad
0,0.5169743,5391.85348594486,4621.653235423845,9965.198863636364,0.0029058915,0.03640183798209366,Sad
0,0.56306213,6854.5891711707245,5288.831298753992,12374.51026119403,0.0039791856,0.08128935401119403,Sad
0,0.4762051,5517.897439359975,4576.639660094605,10287.703804347826,0.004176097,0.06603260869565217,Sad
0,0.4948318,5905.830065384691,5494.686606886871,11687.538965087282,0.0052257855,0.09625959515274314,Sad
0,0.5630134,6671.089085325462,5663.994532767223,12641.55868902439,0.0038842333,0.08076290967987805,Sad
0,0.53708965,7044.848227816523,5559.079406306197,12892.461993243243,0.0039794077,0.06569758234797297,Sad
0,0.5571437,5537.24884661924,5273.435737731276,10540.449438202248,0.004353084,0.07768829002808988,Sad
0,0.6030399,7327.740337268991,5443.825041852085,13204.6875,0.01225425,0.039640561995967744,Anger
0,0.45253274,4909.06093520581,4334.045956286809,9547.454637096775,0.012973861,0.0435027091733871,Anger
0,0.56404847,6389.354074781635,5201.2046292816585,11994.732288273615,0.012550955,0.05860488344869707,Anger
0,0.55436605,6701.330965434939,5010.678497090924,12028.304712460063,0.012347041,0.04723380091853035,Anger
0,0.5801098,6754.7608066666635,5425.468783120889,12664.306640625,0.03421993,0.0619720458984375,Anger
0,0.5625166,6529.184411627053,5684.173113845506,12827.276357827475,0.033864904,0.0842729757388179,Anger
0,0.5866302,6326.335778275837,5764.100778626985,12773.668791118422,0.040986303,0.07433921412417763,Anger
0,0.5641639,6730.035451946965,5478.260656231018,12635.15625,0.0351392,0.07755796370967742,Anger
0,0.4259922,4886.102192103746,4464.877963489437,9331.473214285714,0.0017231557,0.056132051542207795,Sad
0,0.38885754,4833.333612389523,4380.609065486067,9289.921246648793,0.001388025,0.05016598944369973,Sad
0,0.40402228,4909.001975799148,4192.055199695975,9077.30139307229,0.0025950514,0.04995176016566265,Sad
0,0.42940587,5045.378626974117,4384.510655047303,9775.9765625,0.0019741931,0.06847330729166666,Sad
0,0.45753577,5733.517804401944,4968.217572995507,11083.894521791768,0.007482499,0.0687057827633172,Sad
0,0.43045145,5019.689401495247,4555.713391930591,9667.66826923077,0.0052609676,0.07156336502039627,Sad
0,0.4143232,5371.573927345527,4817.7475080181475,10262.836234177215,0.0061720684,0.09389957476265823,Sad
0,0.37751567,4823.923437392705,4104.439874244021,8875.856164383562,0.002605647,0.07484638092180365,Sad
0,0.34721026,4295.192747396544,3745.0718027864546,8072.666396103896,0.013617722,0.06994343547077922,Anger
0,0.40172338,4943.306535818414,4175.994546919194,9216.746794871795,0.015348953,0.07360109508547008,Anger
0,0.42841837,5318.170948671244,4348.573647654963,9803.125,0.01173993,0.08233978713768116,Anger
0,0.42741412,5044.9674251348715,4783.601880192863,9962.539556962025,0.01664739,0.09587742286392405,Anger
0,0.38437474,4605.335977465294,4068.5338735429978,8769.969512195123,0.029465862,0.07628620426829268,Anger
0,0.38280186,4657.776492477037,3919.6026818929304,8551.143292682927,0.022338487,0.06995760289634147,Anger
0,0.47968137,6028.449512066819,4751.686295378184,10894.730548469388,0.016544312,0.08309749681122448,Anger
0,0.40317604,4855.82196958439,4140.850561714727,9093.407489561587,0.018607747,0.086302436717119,Anger
